,2.6GHz,2.65GHz,3.5GHz,3.55GHz
4000000000000,1,0.9811320755,1,0.985915493
800000000000,1,0.9811320755,1,0.985915493
80000000000,1,0.9811320755,1,0.985915493
8000000000000,1,0.9811320755,1,0.985915493
2000000000000,1,0.9811320755,1,0.985915493
8000000000,1,0.9811320755,1,0.985915493
8000000,1,0.9811320601,1,0.9859154751
6000000000000,1,0.9811320755,1,0.985915493
