,com_2-4,com_3-3,mem_2-0,mem_2-8
15187500000000,6328.125,4602.2727272727,7593.75,5424.1071428572
562500000000,234.375,170.4545454545,281.25,200.8928571429
4500000000000,1875,1363.6363636364,2250,1607.1428571429
36000000000000,15000,10909.0909090909,18000,12857.1428571429
36000000000,15,10.9090909091,18,12.8571428571
