cpu_util,cycles,clkspeed,instr,instr_rate,time
1.001,22049543889109,3.297,35021768923966,1.59,6683.983108434
1.001,22068070942021,3.297,35021814574666,1.59,6689.393128586
1.001,22051223184111,3.297,35021781263586,1.59,6684.100096746
1.001,22066330516923,3.297,35021790401083,1.59,6688.989007475
1.001,22049591423383,3.296,35021787042446,1.59,6685.177216864
1.001,22091008436015,3.281,35021687280800,1.59,6727.86544331
