cpu_util,cycles,clkspeed,instr,instr_rate,time
1.001,21874884161197,3.295,35021185764978,1.6,6634.053785759
1.001,21889638812873,3.295,35021268573253,1.6,6638.095521206
1.001,21875016684612,3.295,35020568426261,1.6,6634.63795216
1.001,21887703108967,3.295,35021033580556,1.6,6638.532396289
1.001,21876141009364,3.296,35021046257401,1.6,6632.926108692
1.001,21836102649057,3.297,35020961546688,1.6,6619.214467091
1.001,21718111904652,3.27,35021600314518,1.61,6636.357205446
