cpu_util,cycles,clkspeed,instr,instr_rate,time
0.999,21494708235354,2.394,35025487691950,1.63,8983.942663747
0.999,21607516589496,2.411,35026798061294,1.62,8968.594294088
0.999,22001809117411,2.493,35026805521308,1.59,8829.028268378
