,com_2-4,com_3-3,mem_2-0,mem_2-8
6000000000000,1,0.7272727273,1,0.7142857143
4000000000000,1,0.7272727273,1,0.7142857143
800000000000,1,0.7272727273,1,0.7142857143
80000000000,1,0.7272727273,1,0.7142857143
8000000000000,1,0.7272727273,1,0.7142857143
2000000000000,1,0.7272727273,1,0.7142857143
8000000000,1,0.7272727273,1,0.7142857143
8000000,1,0.7272727273,1,0.7142857143
