cpu_util,cycles_act,clkspeed,instr_act,instr_rate,time
1.001,20800645990932,2.791,46164760945086,2.22,7446.398577811
1.001,20810896052489,2.791,46173285763001,2.22,7449.830067373
1.001,20657396461283,2.791,46363863143563,2.24,7394.901826546
1.001,20660557024917,2.791,46357550388369,2.24,7396.024554685
1.001,20950901130740,2.791,46364357435645,2.21,7499.961287001
1.001,20726932338600,2.791,46268684645879,2.23,7419.782224776
1.001,20678188931566,2.791,46354878315896,2.24,7402.339991353
