cpu_util,cycles_act,clkspeed,instr_act,instr_rate,time
0.992,23161593913065,2.536,43596854555943,1.88,9208.217219941
0.849,23262577834994,2.537,43604512435203,1.87,10800.325454599
