,2.6GHz,2.65GHz,3.5GHz,3.55GHz
4000000000000,1538.4615384615,1509.4339622642,1142.8571428572,1126.7605633803
800000000000,307.6923076923,301.8867924528,228.5714285714,225.3521126761
80000000000,30.7692307692,30.1886792453,22.8571428571,22.5352112676
8000000000000,3076.9230769231,3018.8679245283,2285.7142857143,2253.5211267606
2000000000000,769.2307692308,754.7169811321,571.4285714286,563.3802816901
8000000000,3.0769230769,3.0188679245,2.2857142857,2.2535211268
8000000,0.0030769231,0.0030188679,0.0022857143,0.0022535211
6000000000000,2307.6923076923,2264.1509433962,1714.2857142857,1690.1408450704
