,2.6GHz,2.65GHz,3.5GHz,3.55GHz
15187500000000,5841.3461538462,5731.1320754717,4339.2857142857,4278.1690140845
562500000000,216.3461538462,212.2641509434,160.7142857143,158.4507042254
4500000000000,1730.7692307692,1698.1132075472,1285.7142857143,1267.6056338028
36000000000000,13846.1538461538,13584.9056603774,10285.7142857143,10140.8450704225
36000000000,13.8461538462,13.5849056604,10.2857142857,10.1408450704
