cpu_util,cycles_act,clkspeed,instr_act,instr_rate,time
0.999,20683802956013,2.797,46265043783157,2.24,7404.357055629
0.999,20734050568232,2.797,46276485387070,2.23,7422.340634645
0.999,20731151187527,2.797,46271738690004,2.23,7421.323407681
0.999,20574414074550,2.797,46266680488238,2.25,7365.28968625
0.999,20580166144564,2.797,46254393627874,2.25,7367.264212862
0.999,20561653899385,2.797,46273278781026,2.25,7361.228794473
0.999,20652734380826,2.797,46273111005584,2.24,7393.247502553
