cpu_util,cycles_act,clkspeed,instr_act,instr_rate,time
0.999,7009536002119,2.794,8008087235562,1.14,2509.722206763
0.999,7008100758994,2.794,8008106283570,1.14,2509.203733263
0.999,7008162961962,2.794,8008085071799,1.14,2509.233029857
0.999,7008142341742,2.794,8008100530271,1.14,2509.229462593
0.999,7008486511405,2.794,8008093937036,1.14,2509.348008793
0.999,7008023148654,2.794,8008081878193,1.14,2509.22254324
0.999,7009496974843,2.794,8008117475273,1.14,2509.940892486
0.999,7010308471360,2.794,8008082957793,1.14,2510.134540769
