CPU utilized,cycles,clock speed,instructions,instructions per cycle,time (s)
1.0,7042165783505,2.594,8002779432396,1.14,2714.873115811
1.0,7042869437770,2.594,8002730773127,1.14,2715.121485976
1.0,7046745131812,2.594,8002785969930,1.14,2716.637055148
1.0,7046923004854,2.594,8002789578075,1.14,2716.640838003
