cpu_util,cycles_act,clkspeed,instr_act,instr_rate,time
0.999,7054661509260,2.725,8019634479781,1.14,2589.968749889
0.999,7056239032662,2.712,8019675898815,1.14,2602.902476169
0.999,7053795585948,2.721,8019464247497,1.14,2593.970998769
0.999,7053385006258,2.719,8019436514763,1.14,2595.458992724
0.999,7055486831321,2.724,8019499278121,1.14,2591.322661637
0.999,7053019733377,2.724,8019356365582,1.14,2590.813292747
0.999,7053331751998,2.713,8019421111608,1.14,2601.628158355
0.999,7053569464322,2.715,8019382654023,1.14,2599.846934727
0.999,7057790919817,2.719,8019282254423,1.14,2597.026787672
