cpu_util,cycles,clkspeed,instr,instr_rate,time
0.999,19977082911393,2.394,35024024729829,1.75,8349.851584059
0.999,19948049061779,2.394,35024272992145,1.76,8337.412222588
0.999,20187743890045,2.463,35023356330245,1.73,8200.418999209
