cpu_util,cycles,clkspeed,instr,instr_rate,time
1.0,7011930404335,3.553,8001987989822,1.14,1973.245060535
1.0,7012123851020,3.551,8001990419410,1.14,1974.665510415
1.0,7016671514836,3.552,8002206365710,1.14,1975.459766084
1.0,7033642266285,3.553,8002676196579,1.14,1979.708432591
1.0,7021160549367,3.555,8002009893650,1.14,1974.681701403
1.0,7014980899600,3.554,8002282747731,1.14,1973.749118111
1.0,7014121772904,3.553,8002337593507,1.14,1974.01594985
1.0,7015143542570,3.547,8002155012698,1.14,1977.544163293
1.0,7015011730935,3.549,8002501028059,1.14,1976.152658689
