cpu_util,cycles,clkspeed,instr,instr_rate,time
1.0,21776277551454,3.297,35026798940456,1.61,6601.895701374
1.0,21774805588816,3.297,35026789738459,1.61,6601.559347915
1.0,21771717898300,3.297,35026804443879,1.61,6600.747127535
1.0,21787348836185,3.297,35026803170856,1.61,6605.2868359
1.0,21787696514855,3.297,35026801638271,1.61,6605.181899792
1.0,21773078901586,3.297,35026731468225,1.61,6600.934044371
1.0,21773656661446,3.297,35026558022985,1.61,6600.973316274
