time_pred_norm,max,min
2-6__15187500000000,1,0.9811320755
2-6__562500000000,1,0.9811320755
2-6__4500000000000,1,0.9811320755
2-6__36000000000000,1,0.9811320755
2-6__36000000000,1,0.9811320755
3-5__15187500000000,1,0.9811320755
3-5__562500000000,1,0.9811320755
3-5__4500000000000,1,0.9811320755
3-5__36000000000000,1,0.9811320755
3-5__36000000000,1,0.9811320755
