cpu_util,cycles_act,clkspeed,instr_act,instr_rate,time
0.999,21424319362210,2.394,35026487158765,1.63,8954.315880319
0.999,21498975873658,2.408,35026624954693,1.63,8933.141566467
0.999,21919340016529,2.494,35027417402215,1.6,8795.44030093
