cpu_util,cycles_act,clkspeed,instr_act,instr_rate,time
1.001,20619016434007,2.79,46271583308945,2.24,7381.217136483
1.001,21152513021572,2.79,46268549625313,2.19,7572.189083975
1.001,20732341987960,2.79,46266668000561,2.23,7421.927811177
1.001,20664673016579,2.79,46361583685402,2.24,7397.571811422
1.001,20630887509871,2.791,46262694179358,2.24,7385.46301935
1.001,20628811872421,2.79,46270269789256,2.24,7384.7276743
1.001,20633622936508,2.79,46367421697600,2.25,7386.452191649
