cpu_util,cycles_act,clkspeed,instr_act,instr_rate,time
1.0,21875988273352,3.297,35027029777321,1.6,6632.004470625
1.001,21877674669897,3.297,35027017278539,1.6,6631.91872435
1.001,21876795201599,3.297,35026976124783,1.6,6632.029049676
1.001,21878905136681,3.297,35026969650909,1.6,6632.54778496
1.001,21875776236996,3.297,35026973225843,1.6,6631.613186965
1.001,21874656361727,3.297,35026923580012,1.6,6631.189250677
1.001,21874932289095,3.297,35026693234633,1.6,6631.279258568
