,com_2-4,com_3-3,mem_2-0,mem_2-8
6000000000000,2500,1818.1818181818,3000,2142.8571428572
8000000000,3.3333333333,2.4242424242,4,2.8571428571
80000000000,33.3333333333,24.2424242424,40,28.5714285714
800000000000,333.3333333333,242.4242424242,400,285.7142857143
8000000000000,3333.3333333333,2424.2424242424,4000,2857.1428571429
4000000000000,1666.6666666667,1212.1212121212,2000,1428.5714285714
8000000,0.0033333333,0.0024242424,0.004,0.0028571429
2000000000000,833.3333333333,606.0606060606,1000,714.2857142857
