cpu_util,cycles_act,clkspeed,instr_act,instr_rate,time
0.999,20693139472107,2.797,46178059562455,2.23,7407.721329052
0.999,20723229575827,2.797,46365551147861,2.24,7418.511864557
0.999,20665674283679,2.797,46365638304235,2.24,7397.872473067
0.999,20726299682527,2.797,46268463420330,2.23,7419.582161962
0.999,20855197534413,2.797,46359597582617,2.22,7465.731782599
0.999,20647664562902,2.797,46168459428063,2.24,7391.437603768
0.999,20655932738741,2.797,46365458051035,2.24,7394.400739142
