,com_2-4,com_3-3,mem_2-0,mem_2-8
15187500000000,1,0.7272727273,1,0.7142857143
562500000000,1,0.7272727273,1,0.7142857143
4500000000000,1,0.7272727273,1,0.7142857143
36000000000000,1,0.7272727273,1,0.7142857143
36000000000,1,0.7272727273,1,0.7142857143
