cpu_util,cycles_act,clkspeed,instr_act,instr_rate,time
0.999,20082309876588,2.394,35026186513630,1.74,8393.659654171
0.999,20074203624710,2.394,35023892112601,1.74,8390.098635791
0.999,20339818441819,2.467,35024647606423,1.72,8249.344063928
