CPU utilized,cycles,clock speed,instructions,instructions per cycle,time (s)
1.0,7030090158364,3.486,8002031653056,1.14,2016.806428463
1.0,7039178051691,3.488,8002035112406,1.14,2018.466938912
1.0,7038355324425,3.489,8002216115739,1.14,2017.23248518
1.0,7032396265989,3.49,8002146980328,1.14,2015.235012751
