,2.6GHz,2.65GHz,3.5GHz,3.55GHz
15187500000000,1,0.9811320755,1,0.9811320755
562500000000,1,0.9811320755,1,0.9811320755
4500000000000,1,0.9811320755,1,0.9811320755
36000000000000,1,0.9811320755,1,0.9811320755
36000000000,1,0.9811320755,1,0.9811320755
